opponent,result,win,loss,margin,location,opponent rating
FCS,1,7,96,35,HOME,0
Tulsa,1,2,7,23,HOME,0.234436931312047
Colorado St,0,3,6,7,AWAY,0.165004909224475
North Texas,0,7,2,27,HOME,0.598828865631108
Auburn,0,6,3,31,AWAY,0.584563385871425
Texas A&M,0,5,4,7,NEUTRAL,0.551797408680991
Alabama,0,9,0,34,HOME,1
Mississippi,0,5,4,4,HOME,0.527339863961715
Vanderbilt,0,4,5,14,HOME,0.481096352251385
