opponent,result,win,loss,margin,location,opponent rating
FCS,1,7,96,68,HOME,0
Georgia St,1,2,7,19,AWAY,0.207194509126123
Miami OH,1,3,6,1,AWAY,0.391384698092857
E Michigan,1,5,5,3,HOME,0.417796567155662
Bowling Green,1,1,8,7,AWAY,0.0296111896088234
C Michigan,1,1,9,25,AWAY,0.16614764626937
Syracuse,0,7,2,13,HOME,0.615221780810887
Michigan,0,8,1,46,AWAY,0.854916290358662
Toledo,0,5,4,27,HOME,0.475947955684641
Ohio,0,6,3,45,HOME,0.518353697209501
