opponent,result,win,loss,margin,location,opponent rating
FCS,1,7,103,35,HOME,0
Tulsa,1,2,9,23,HOME,0.218116452544852
Colorado St,0,3,8,7,AWAY,0.15917253076376
North Texas,0,8,3,27,HOME,0.567131766383688
Auburn,0,7,4,31,AWAY,0.605504605540385
Texas A&M,0,7,4,7,NEUTRAL,0.626254997347083
Alabama,0,11,0,34,HOME,1
Mississippi,0,5,6,4,HOME,0.478114122869196
Vanderbilt,0,5,6,14,HOME,0.503397358370259
LSU,0,9,2,7,HOME,0.743968216947462
Mississippi St,0,7,4,46,AWAY,0.676876525961701
