opponent,result,win,loss,margin,location,opponent rating
C Michigan,1,1,10,15,HOME,0.132048349104342
Florida,1,8,3,11,AWAY,0.619834958162607
FCS,1,7,103,38,HOME,0
Mississippi St,1,7,4,21,HOME,0.676876525961701
South Carolina,1,6,4,14,HOME,0.546979698064861
Vanderbilt,1,5,6,7,HOME,0.503397358370259
Missouri,1,7,4,1,AWAY,0.693299232026531
MTSU,1,7,4,11,HOME,0.459993408192029
Texas A&M,0,7,4,6,AWAY,0.626254997347083
Georgia,0,10,1,17,HOME,0.864515844502137
Tennessee,0,5,6,17,AWAY,0.45542769852394
