opponent,result,win,loss,margin,location,opponent rating
Miami FL,1,6,5,16,NEUTRAL,0.500208724783529
FCS,1,7,103,31,HOME,0
Auburn,1,7,4,1,AWAY,0.605504605540385
Louisiana Tech,1,7,4,17,HOME,0.498743759975181
Mississippi,1,5,6,29,HOME,0.478114122869196
Georgia,1,10,1,20,HOME,0.864515844502137
Mississippi St,1,7,4,16,HOME,0.676876525961701
Arkansas,1,2,9,7,AWAY,0.278190825753744
Rice,1,1,11,32,HOME,0.0490021208262123
Florida,0,8,3,8,AWAY,0.619834958162607
Alabama,0,11,0,29,HOME,1
