opponent,result,win,loss,margin,location,opponent rating
Indianapolis,1,3,5,3,AWAY,0.310678681384496
Dallas,1,4,4,3,HOME,0.441581662646485
Buffalo,1,3,6,7,HOME,0.120780722347961
Miami,1,5,4,19,HOME,0.304859597322684
Denver,1,2,6,2,AWAY,0.151874971768258
New England,0,6,3,7,AWAY,0.505343633475796
Tennessee,0,5,3,3,AWAY,0.669204232558532
NY Giants,0,1,6,5,HOME,0.220172892381084
