opponent,result,win,loss,margin,location,opponent rating
Tennessee,1,5,3,7,HOME,0.669204232558532
NY Jets,1,3,6,8,AWAY,0.0201275440373665
Oakland,1,1,8,8,HOME,0
Chicago,1,6,2,3,HOME,0.674791072812179
NY Jets,1,3,6,7,HOME,0.0201275440373665
New England,0,6,3,31,AWAY,0.505343633475796
Cincinnati,0,5,3,10,AWAY,0.739987859069079
Houston,0,5,3,19,AWAY,0.505602210163791
Green Bay,0,4,5,19,AWAY,0.312762772344492
