opponent,result,win,loss,margin,location,opponent rating
Houston,1,5,3,3,HOME,0.505602210163791
Jacksonville,1,3,5,3,AWAY,0.305676919618355
Philadelphia,1,4,4,3,HOME,0.43461129348446
Dallas,1,4,4,14,AWAY,0.441581662646485
New England,1,6,3,24,HOME,0.505343633475796
Miami,0,5,4,7,AWAY,0.304859597322684
Buffalo,0,3,6,1,AWAY,0.120780722347961
Baltimore,0,4,4,21,HOME,0.696142050266549
