opponent,result,win,loss,margin,location,opponent rating
FCS,1,7,97,31,HOME,0
Massachusetts,1,4,7,21,HOME,0.23927556231538
Arkansas St,1,6,4,7,HOME,0.487570488955943
South Alabama,1,2,8,35,HOME,0.145370761484725
Texas St,1,3,7,2,AWAY,0.213922323512264
New Mexico St,1,3,7,17,AWAY,0.160716704635013
Appalachian St,1,7,2,20,HOME,0.613240942464203
Clemson,0,10,0,31,AWAY,0.884601369565543
ULM,0,6,4,19,AWAY,0.386385077307087
Troy,0,8,2,14,HOME,0.568540995894006
