opponent,result,win,loss,margin,location,opponent rating
Minnesota,1,5,5,25,HOME,0.416976903866443
FCS,1,7,97,36,HOME,0
Illinois,1,4,6,19,HOME,0.268341351888804
Colorado,0,5,5,5,HOME,0.384400180324318
Troy,0,8,2,5,HOME,0.568540995894006
Michigan,0,9,1,46,AWAY,0.831061011475278
Purdue,0,5,5,14,HOME,0.516645045277999
Wisconsin,0,6,4,17,AWAY,0.53704298904114
Northwestern,0,6,4,3,AWAY,0.548312928097231
Ohio St,0,9,1,5,AWAY,0.713628792278036
