opponent,result,win,loss,margin,location,opponent rating
Seattle,1,4,5,7,HOME,0.398791786851133
Arizona,1,2,6,2,AWAY,0.240645483347157
Tampa Bay,1,2,6,38,HOME,0.433603791699101
NY Jets,1,3,6,14,HOME,0.0201275440596208
Buffalo,1,3,6,32,AWAY,0.120780722311063
Detroit,1,2,6,12,HOME,0.0706385548741347
Green Bay,0,4,5,1,AWAY,0.312762772348945
Miami,0,5,4,3,AWAY,0.304859597300435
