opponent,result,win,loss,margin,location,opponent rating
Cleveland,1,3,6,3,HOME,0.447260252449432
LA Rams,0,8,1,20,HOME,0.7429754030096
Denver,0,2,6,1,AWAY,0.15187497175268
Miami,0,5,4,8,AWAY,0.304859597300435
LA Chargers,0,6,2,16,AWAY,0.612751874956689
Seattle,0,4,5,24,NEUTRAL,0.398791786851133
Indianapolis,0,3,5,14,HOME,0.310678681373851
San Francisco,0,2,6,31,AWAY,0.181088171648135
LA Chargers,0,6,2,14,HOME,0.612751874956689
