opponent,result,win,loss,margin,location,opponent rating
NC A&T,1,9,2,3,AWAY,0.660071853363717
Savannah St,1,2,8,7,AWAY,0.28856861968791
Delaware St,1,3,8,9,HOME,0.254616390419533
Norfolk St,1,4,7,17,AWAY,0.294894821751457
Towson,0,7,5,26,HOME,0.622435329844367
Albany NY,0,3,8,3,AWAY,0.296855333085152
S Carolina St,0,5,6,3,HOME,0.468832626543421
Howard,0,4,6,9,HOME,0.441221235481136
Florida A&M,0,6,5,35,AWAY,0.488339383807478
Bethune-Cookman,0,7,5,2,HOME,0.467419416198324
